"measure","re_spec","n_participants","n_obs","term","estimate","se","df","statistic","p_value","hypothesis","predicted_sign","direction_matches","p_one_sided"
"Personal Agreement","re_stimulus",99,8710,"(Intercept)",1265.63481868364,89.9048704870175,139.055129942879,14.0774889261022,1.55889535533456e-28,NA,NA,NA,NA
"Personal Agreement","re_stimulus",99,8710,"agreement_c",22.7380902657798,7.08091689121769,8488.61473163828,3.2111788084932,0.00132684319756661,NA,NA,NA,NA
"Personal Agreement","re_stimulus",99,8710,"I(agreement_c^2)",-18.42434144416,5.14246076678668,8632.60223863873,-3.58278697295199,0.000341820135213732,"H1","negative",TRUE,0.000170910067606866
"Personal Agreement","re_stimulus",99,8710,"Conditionsharing",-359.593767009522,125.729428284608,112.080369735947,-2.86006046409059,0.005053243753457,NA,NA,NA,NA
"Personal Agreement","re_stimulus",99,8710,"agreement_c:Conditionsharing",9.86470891649657,10.3717989981667,8554.34388098536,0.951108763122021,0.34157603771165,NA,NA,NA,NA
"Personal Agreement","re_stimulus",99,8710,"I(agreement_c^2):Conditionsharing",25.0510059561453,7.16610293038584,8632.70077301043,3.49576418305737,0.000475080865770732,"H2","positive",TRUE,0.000237540432885366
"Perceived Social Media Contacts Agreement","re_stimulus",99,8710,"(Intercept)",1232.13342879191,89.1959989704146,135.968284734125,13.8137746425218,1.14464772582346e-27,NA,NA,NA,NA
"Perceived Social Media Contacts Agreement","re_stimulus",99,8710,"agreement_c",24.5933352907715,7.24728486531132,8601.19124640678,3.39345503148165,0.000693283829209516,NA,NA,NA,NA
"Perceived Social Media Contacts Agreement","re_stimulus",99,8710,"I(agreement_c^2)",-12.7034912142426,5.09273931733305,8633.25201026152,-2.49443186125913,0.0126344442605262,"H1","negative",TRUE,0.00631722213026309
"Perceived Social Media Contacts Agreement","re_stimulus",99,8710,"Conditionsharing",-317.578784031541,124.849689262968,110.00601334496,-2.54368902242627,0.0123575201073274,NA,NA,NA,NA
"Perceived Social Media Contacts Agreement","re_stimulus",99,8710,"agreement_c:Conditionsharing",9.79136805530496,11.0353709001206,8557.10877720791,0.887271315475036,0.374957781487664,NA,NA,NA,NA
"Perceived Social Media Contacts Agreement","re_stimulus",99,8710,"I(agreement_c^2):Conditionsharing",18.0354708362259,7.4656234404032,8626.09149206553,2.41580237473802,0.0157212218494577,"H2","positive",TRUE,0.00786061092472886
"Personal Agreement","re_topic",99,8710,"(Intercept)",1266.13898430606,95.5575930245939,101.603841618796,13.2500091748877,7.13079810350827e-24,NA,NA,NA,NA
"Personal Agreement","re_topic",99,8710,"agreement_c",22.509233323306,7.06770431954782,8344.99760552151,3.18480121770941,0.00145386168165896,NA,NA,NA,NA
"Personal Agreement","re_topic",99,8710,"I(agreement_c^2)",-18.5211828335247,5.14737708675495,8610.1177322472,-3.59817874644987,0.000322251580946273,"H1","negative",TRUE,0.000161125790473137
"Personal Agreement","re_topic",99,8710,"Conditionsharing",-359.481583388814,125.737665008001,112.083025636699,-2.85898090572892,0.00506926062730246,NA,NA,NA,NA
"Personal Agreement","re_topic",99,8710,"agreement_c:Conditionsharing",9.84337959881091,10.3711103996293,8556.31290945634,0.949115303908318,0.342588777537199,NA,NA,NA,NA
"Personal Agreement","re_topic",99,8710,"I(agreement_c^2):Conditionsharing",24.9965818073724,7.16678387758898,8629.67574327514,3.48783809227713,0.00048936917385508,"H2","positive",TRUE,0.00024468458692754
"Perceived Social Media Contacts Agreement","re_topic",99,8710,"(Intercept)",1232.50280603988,94.9425124014478,98.5839119221924,12.9815693187943,4.61478066736417e-23,NA,NA,NA,NA
"Perceived Social Media Contacts Agreement","re_topic",99,8710,"agreement_c",24.3862915841018,7.23797692903559,8541.39293741081,3.36921377661135,0.000757165347046147,NA,NA,NA,NA
"Perceived Social Media Contacts Agreement","re_topic",99,8710,"I(agreement_c^2)",-12.7798348691928,5.09580373598833,8620.3706926406,-2.50791347769876,0.012162867328091,"H1","negative",TRUE,0.0060814336640455
"Perceived Social Media Contacts Agreement","re_topic",99,8710,"Conditionsharing",-317.428922172458,124.853887636604,110.006691206088,-2.54240318968968,0.0124004800860257,NA,NA,NA,NA
"Perceived Social Media Contacts Agreement","re_topic",99,8710,"agreement_c:Conditionsharing",9.77885698683211,11.0345227531638,8559.36915200036,0.886205702374243,0.375531588476195,NA,NA,NA,NA
"Perceived Social Media Contacts Agreement","re_topic",99,8710,"I(agreement_c^2):Conditionsharing",17.9652418413375,7.46590621918056,8624.94184791087,2.40630424678832,0.0161357361741389,"H2","positive",TRUE,0.00806786808706944
