"measure","re_spec","group","sd"
"Personal Agreement","re_stimulus","participantId",590.672397233698
"Personal Agreement","re_stimulus","componentTitle",253.367153310396
"Personal Agreement","re_stimulus","Residual",1008.86572636635
"Perceived Social Media Contacts Agreement","re_stimulus","participantId",589.235239279444
"Perceived Social Media Contacts Agreement","re_stimulus","componentTitle",255.288255323194
"Perceived Social Media Contacts Agreement","re_stimulus","Residual",1009.16145944652
"Personal Agreement","re_topic","participantId",590.707477166246
"Personal Agreement","re_topic","componentTitle",228.539929720019
"Personal Agreement","re_topic","topic",114.038200141061
"Personal Agreement","re_topic","Residual",1008.86543872554
"Perceived Social Media Contacts Agreement","re_topic","participantId",589.254715909654
"Perceived Social Media Contacts Agreement","re_topic","componentTitle",230.402478282341
"Perceived Social Media Contacts Agreement","re_topic","topic",114.622207619628
"Perceived Social Media Contacts Agreement","re_topic","Residual",1009.16147929269
