"model","term","estimate","se","df","statistic","p_value"
"M0","(Intercept)",1173.38515325278,87.8937829081446,NA,13.3500358549711,NA
"M0","C",-242.988183555827,121.286295873825,NA,-2.00342653557999,NA
"M1","(Intercept)",1063.13623297829,90.384330241231,NA,11.7623954300578,NA
"M1","A",27.2758084590695,5.59318632811839,NA,4.87661358999378,NA
"M1","C",-238.508787194862,120.974927061312,NA,-1.97155553624746,NA
"M2","(Intercept)",1185.39308854094,90.7707502857121,NA,13.0591967655855,NA
"M2","A_lo",33.7149380722603,13.0498831775398,NA,2.58354328644774,NA
"M2","A_hi",20.369924493244,13.8470683278533,NA,1.47106405565068,NA
"M2","C",-239.946646858243,121.05165103819,NA,-1.98218400823416,NA
"M3","(Intercept)",1173.38846246156,87.6638942298352,NA,13.3850825675756,NA
"M3","C",-270.172545609073,124.153997458785,NA,-2.17610831015538,NA
"M3","S_lo_C",14.255551818225,18.5161807161254,NA,0.769896991003661,NA
"M3","S_hi_C",52.977314520117,20.6143184948068,NA,2.56992801064285,NA
"M4","(Intercept)",1262.80786756149,91.414002594711,NA,13.8141622915279,NA
"M4","D",-58.3921427772448,16.1882666692704,NA,-3.60706578228591,NA
"M4","C",-244.105069822727,121.34987753124,NA,-2.01158068544308,NA
"M5","(Intercept)",1224.88974418871,97.6595770395855,NA,12.5424436734168,NA
"M5","D",-42.947303955479,21.404212394726,NA,-2.00648840347245,NA
"M5","Z",33.8563864377534,30.7957483815362,NA,1.09938508453499,NA
"M5","C",-244.967479924061,121.417469995236,NA,-2.01756369930681,NA
"M6","(Intercept)",1264.66972891184,93.7487427688145,NA,13.4899913487963,NA
"M6","C",-358.80421142765,128.405674547393,NA,-2.7943018304477,NA
"M6","A_lo_R",68.6268800665996,18.5080649888828,NA,3.70794462348288,NA
"M6","A_hi_R",-24.9862993414937,19.2093507503378,NA,-1.30073627506929,NA
"M6","S_lo_C",17.508808638524,18.5305618951017,NA,0.944861183251663,NA
"M6","S_hi_C",53.175727332643,20.6183075827121,NA,2.57905393637785,NA
